---PROYECTO FINAL / GRUPO 4---

--------------------------------------------CREACION DE TABLAS--------------------------------------------
---TABLA DE ESTADOS
CREATE TABLE FIDE_ESTADOS_TB (
    ID_ESTADOS VARCHAR2(200) PRIMARY KEY,
    DESCRIPCION VARCHAR(255),
    CREADO_POR VARCHAR2(100),
    FECHA_CREACION TIMESTAMP,
    MODIFICADO_POR VARCHAR2(100),
    FECHA_MODIFICACION TIMESTAMP,
    ESTADO VARCHAR2(10),
    ACCION VARCHAR2(100)
);

---TABLA DE PAIS
CREATE TABLE FIDE_PAIS_TB (
    ID_PAIS VARCHAR2(200) PRIMARY KEY,
    ID_ESTADOS VARCHAR2(200),
    NOMBRE VARCHAR(255),
    CREADO_POR VARCHAR2(100),
    FECHA_CREACION TIMESTAMP,
    MODIFICADO_POR VARCHAR2(100),
    FECHA_MODIFICACION TIMESTAMP,
    ESTADO VARCHAR2(10),
    ACCION VARCHAR2(100),
    FOREIGN KEY (ID_ESTADOS) REFERENCES FIDE_ESTADOS_TB(ID_ESTADOS)
);

---TABLA DE PROVINCIA
CREATE TABLE FIDE_PROVINCIA_TB (
    ID_PROVINCIA VARCHAR2(200) PRIMARY KEY,
    ID_ESTADOS VARCHAR2(200),
    NOMBRE VARCHAR(255),
    CREADO_POR VARCHAR2(100),
    FECHA_CREACION TIMESTAMP,
    MODIFICADO_POR VARCHAR2(100),
    FECHA_MODIFICACION TIMESTAMP,
    ESTADO VARCHAR2(10),
    ACCION VARCHAR2(100),
    FOREIGN KEY (ID_ESTADOS) REFERENCES FIDE_ESTADOS_TB(ID_ESTADOS)
);

---TABLA DE CANTON
CREATE TABLE FIDE_CANTON_TB (
    ID_CANTON VARCHAR2(200) PRIMARY KEY,
    ID_ESTADOS VARCHAR2(200),
    NOMBRE VARCHAR(255),
    CREADO_POR VARCHAR2(100),
    FECHA_CREACION TIMESTAMP,
    MODIFICADO_POR VARCHAR2(100),
    FECHA_MODIFICACION TIMESTAMP,
    ESTADO VARCHAR2(10),
    ACCION VARCHAR2(100),
    FOREIGN KEY (ID_ESTADOS) REFERENCES FIDE_ESTADOS_TB(ID_ESTADOS)
);

---TABLA DE DISTRITO
CREATE TABLE FIDE_DISTRITO_TB (
    ID_DISTRITO VARCHAR2(200) PRIMARY KEY,
    ID_ESTADOS VARCHAR2(200),
    NOMBRE VARCHAR(255),
    CREADO_POR VARCHAR2(100),
    FECHA_CREACION TIMESTAMP,
    MODIFICADO_POR VARCHAR2(100),
    FECHA_MODIFICACION TIMESTAMP,
    ESTADO VARCHAR2(10),
    ACCION VARCHAR2(100),
    FOREIGN KEY (ID_ESTADOS) REFERENCES FIDE_ESTADOS_TB(ID_ESTADOS)
);

---TABLA DE PROVEEDORES
CREATE TABLE FIDE_PROVEEDORES_TB (
    ID_PROVEEDORES VARCHAR2(200) PRIMARY KEY,
    ID_ESTADOS VARCHAR2(200),
    ID_PAIS VARCHAR2(200),
    ID_PROVINCIA VARCHAR2(200),
    ID_CANTON VARCHAR2(200),
    ID_DISTRITO VARCHAR2(200),
    DIRECCION VARCHAR(255),
    NOMBRE_PROVEEDOR VARCHAR(255),
    TELEFONO VARCHAR(20),
    CORREO VARCHAR(255),
    CREADO_POR VARCHAR2(100),
    FECHA_CREACION TIMESTAMP,
    MODIFICADO_POR VARCHAR2(100),
    FECHA_MODIFICACION TIMESTAMP,
    ESTADO VARCHAR2(10),
    ACCION VARCHAR2(100),
    FOREIGN KEY (ID_ESTADOS) REFERENCES FIDE_ESTADOS_TB(ID_ESTADOS),
    FOREIGN KEY (ID_PAIS) REFERENCES FIDE_PAIS_TB(ID_PAIS),
    FOREIGN KEY (ID_PROVINCIA) REFERENCES FIDE_PROVINCIA_TB(ID_PROVINCIA),
    FOREIGN KEY (ID_CANTON) REFERENCES FIDE_CANTON_TB(ID_CANTON),
    FOREIGN KEY (ID_DISTRITO) REFERENCES FIDE_DISTRITO_TB(ID_DISTRITO)
);

---TABLA DE CLIENTES
CREATE TABLE FIDE_CLIENTES_TB (
    ID_CLIENTE VARCHAR2(200) PRIMARY KEY,
    ID_PAIS VARCHAR2(200),
    ID_PROVINCIA VARCHAR2(200),
    ID_CANTON VARCHAR2(200),
    ID_DISTRITO VARCHAR2(200),
    ID_ESTADOS VARCHAR2(200),
    NOMBRE VARCHAR(255),
    CORREO VARCHAR(255),
    CONTRASEÑA VARCHAR2(50),
    DIRECCION VARCHAR(255),
    TELEFONO VARCHAR(20),
    CREADO_POR VARCHAR2(100),
    FECHA_CREACION TIMESTAMP,
    MODIFICADO_POR VARCHAR2(100),
    FECHA_MODIFICACION TIMESTAMP,
    ESTADO VARCHAR2(10),
    ACCION VARCHAR2(100),
    FOREIGN KEY (ID_PAIS) REFERENCES FIDE_PAIS_TB(ID_PAIS),
    FOREIGN KEY (ID_PROVINCIA) REFERENCES FIDE_PROVINCIA_TB(ID_PROVINCIA),
    FOREIGN KEY (ID_CANTON) REFERENCES FIDE_CANTON_TB(ID_CANTON),
    FOREIGN KEY (ID_DISTRITO) REFERENCES FIDE_DISTRITO_TB(ID_DISTRITO),
    FOREIGN KEY (ID_ESTADOS) REFERENCES FIDE_ESTADOS_TB(ID_ESTADOS)
);

---TABLA DE INVENTARIO
CREATE TABLE FIDE_INVENTARIO_TB (
    ID_INVENTARIO VARCHAR2(200) PRIMARY KEY,
    ID_PALLET VARCHAR2(200),
    ID_ESTADOS VARCHAR2(200),
    NOMBRE VARCHAR(255),
    CANTIDAD INT,
    PRECIO DECIMAL(10, 2),
    CREADO_POR VARCHAR2(100),
    FECHA_CREACION TIMESTAMP,
    MODIFICADO_POR VARCHAR2(100),
    FECHA_MODIFICACION TIMESTAMP,
    ESTADO VARCHAR2(10),
    ACCION VARCHAR2(100),
    FOREIGN KEY (ID_PALLET) REFERENCES FIDE_PALLETS_TB(ID_PALLET),
    FOREIGN KEY (ID_ESTADOS) REFERENCES FIDE_ESTADOS_TB(ID_ESTADOS)
);

---TABLA DE PALLETS
CREATE TABLE FIDE_PALLETS_TB (
    ID_PALLET VARCHAR2(200) PRIMARY KEY,
    ID_PROVEEDORES VARCHAR2(200),
    ID_ESTADOS VARCHAR2(200),
    DESCRIPCION VARCHAR(255),
    CREADO_POR VARCHAR2(100),
    FECHA_CREACION TIMESTAMP,
    MODIFICADO_POR VARCHAR2(100),
    FECHA_MODIFICACION TIMESTAMP,
    ESTADO VARCHAR2(10),
    ACCION VARCHAR2(100),
    FOREIGN KEY (ID_PROVEEDORES) REFERENCES FIDE_PROVEEDORES_TB(ID_PROVEEDORES),
    FOREIGN KEY (ID_ESTADOS) REFERENCES FIDE_ESTADOS_TB(ID_ESTADOS)
);

---TABLA DE DESCUENTO
CREATE TABLE FIDE_DESCUENTO_TB (
    ID_DESCUENTO VARCHAR2(200) PRIMARY KEY,
    ID_ESTADOS VARCHAR2(200),
    ID_TIPO_DESCUENTO VARCHAR2(200),
    VALOR DECIMAL(10, 2),
    CREADO_POR VARCHAR2(100),
    FECHA_CREACION TIMESTAMP,
    MODIFICADO_POR VARCHAR2(100),
    FECHA_MODIFICACION TIMESTAMP,
    ESTADO VARCHAR2(10),
    ACCION VARCHAR2(100),
    FOREIGN KEY (ID_ESTADOS) REFERENCES FIDE_ESTADOS_TB(ID_ESTADOS),
    FOREIGN KEY (ID_TIPO_DESCUENTO) REFERENCES FIDE_TIPO_DESCUENTO_TB(ID_TIPO_DESCUENTO)
);

---TABLA DE TIPO DESCUENTO
CREATE TABLE FIDE_TIPO_DESCUENTO_TB (
    ID_TIPO_DESCUENTO VARCHAR2(200) PRIMARY KEY,
    ID_ESTADOS VARCHAR2(200),
    NOMBRE VARCHAR(255),
    DESCRIPCION VARCHAR(255),
    CREADO_POR VARCHAR2(100),
    FECHA_CREACION TIMESTAMP,
    MODIFICADO_POR VARCHAR2(100),
    FECHA_MODIFICACION TIMESTAMP,
    ESTADO VARCHAR2(10),
    ACCION VARCHAR2(100),
    FOREIGN KEY (ID_ESTADOS) REFERENCES FIDE_ESTADOS_TB(ID_ESTADOS)
);

---TABLA DE PROMOCIONES
CREATE TABLE FIDE_PROMOCIONES_TB (
    ID_PROMOCION VARCHAR2(200) PRIMARY KEY,
    ID_FACTURAS VARCHAR2(200),
    ID_ESTADOS VARCHAR2(200),
    NOMBRE_PROMOCION VARCHAR2(255),
    FECHA_INICIO DATE,
    FECHA_FIN DATE,
    DESCRIPCION VARCHAR2(255),
    CREADO_POR VARCHAR2(100),
    FECHA_CREACION TIMESTAMP,
    MODIFICADO_POR VARCHAR2(100),
    FECHA_MODIFICACION TIMESTAMP,
    ESTADO VARCHAR2(10),
    ACCION VARCHAR2(100),
    FOREIGN KEY (ID_ESTADOS) REFERENCES FIDE_ESTADOS_TB(ID_ESTADOS)
);

---TABLA DE FACTURAS
CREATE TABLE FIDE_FACTURAS_TB (
    ID_FACTURAS VARCHAR2(200) PRIMARY KEY,
    ID_INVENTARIO VARCHAR2(200),
    ID_DESCUENTO VARCHAR2(200),
    ID_ESTADOS VARCHAR2(200),
    ID_CLIENTE VARCHAR2(200),
    ID_PROMOCION VARCHAR2(200),
    FECHA_VENTA DATE,
    TOTAL_VENTA DECIMAL(10, 2),
    SUBTOTAL DECIMAL(10, 2),
    IMPUESTOS DECIMAL(10, 2),
    CREADO_POR VARCHAR2(100),
    FECHA_CREACION TIMESTAMP,
    MODIFICADO_POR VARCHAR2(100),
    FECHA_MODIFICACION TIMESTAMP,
    ESTADO VARCHAR2(10),
    ACCION VARCHAR2(100),
    FOREIGN KEY (ID_INVENTARIO) REFERENCES FIDE_INVENTARIO_TB(ID_INVENTARIO),
    FOREIGN KEY (ID_DESCUENTO) REFERENCES FIDE_DESCUENTO_TB(ID_DESCUENTO),
    FOREIGN KEY (ID_ESTADOS) REFERENCES FIDE_ESTADOS_TB(ID_ESTADOS),
    FOREIGN KEY (ID_CLIENTE) REFERENCES FIDE_CLIENTES_TB(ID_CLIENTE),
    FOREIGN KEY (ID_PROMOCION) REFERENCES FIDE_PROMOCIONES_TB(ID_PROMOCION)
);

---TABLA DE DETALLES FACTURAS
CREATE TABLE FIDE_DETALLES_FACTURAS_TB (
    ID_DETALLE VARCHAR2(200) PRIMARY KEY,
    ID_FACTURAS VARCHAR2(200),
    ID_ESTADOS VARCHAR2(200),
    ID_INVENTARIO VARCHAR2(200),
    CANTIDAD_VENDIDA INT,
    PRECIO_UNITARIO DECIMAL(10, 2),
    PRECIO_TOTAL_UNITARIO DECIMAL(10, 2),
    CREADO_POR VARCHAR2(100),
    FECHA_CREACION TIMESTAMP,
    MODIFICADO_POR VARCHAR2(100),
    FECHA_MODIFICACION TIMESTAMP,
    ESTADO VARCHAR2(10),
    ACCION VARCHAR2(100),
    FOREIGN KEY (ID_FACTURAS) REFERENCES FIDE_FACTURAS_TB(ID_FACTURAS),
    FOREIGN KEY (ID_ESTADOS) REFERENCES FIDE_ESTADOS_TB(ID_ESTADOS),
    FOREIGN KEY (ID_INVENTARIO) REFERENCES FIDE_INVENTARIO_TB(ID_INVENTARIO)
);

---TABLA DE USUARIOS PARA EL LOGIN
CREATE TABLE FIDE_USUARIOS_TB (
    USUARIO VARCHAR2(50) PRIMARY KEY,
    CONTRASEÑA VARCHAR2(50)
);

INSERT INTO FIDE_USUARIOS_TB (USUARIO, CONTRASEÑA)
VALUES ('admin', '123456');
COMMIT;

--------------------------------------------INSERTS A LAS TABLAS--------------------------------------------
---INSERTS TABLA ESTADOS
INSERT INTO FIDE_ESTADOS_TB (ID_ESTADOS, DESCRIPCION) VALUES ('1', 'Activo');
INSERT INTO FIDE_ESTADOS_TB (ID_ESTADOS, DESCRIPCION) VALUES ('2', 'Inactivo');
COMMIT;

---INSERTS TABLA PAIS
INSERT INTO FIDE_PAIS_TB (ID_PAIS, ID_ESTADOS, NOMBRE) VALUES ('CR', '1', 'Costa Rica');
COMMIT;

---INSERTS TABLA PROVINCIA
INSERT INTO FIDE_PROVINCIA_TB (ID_PROVINCIA, ID_ESTADOS, NOMBRE) VALUES ('SJ', '1', 'San José');
INSERT INTO FIDE_PROVINCIA_TB (ID_PROVINCIA, ID_ESTADOS, NOMBRE) VALUES ('AL', '1', 'Alajuela');
INSERT INTO FIDE_PROVINCIA_TB (ID_PROVINCIA, ID_ESTADOS, NOMBRE) VALUES ('CA', '1', 'Cartago');
INSERT INTO FIDE_PROVINCIA_TB (ID_PROVINCIA, ID_ESTADOS, NOMBRE) VALUES ('HE', '1', 'Heredia');
COMMIT;

---INSERTS TABLA CANTON
INSERT INTO FIDE_CANTON_TB (ID_CANTON, ID_ESTADOS, NOMBRE) VALUES ('ES', '1', 'Escazú');
INSERT INTO FIDE_CANTON_TB (ID_CANTON, ID_ESTADOS, NOMBRE) VALUES ('AT', '1', 'Atenas');
INSERT INTO FIDE_CANTON_TB (ID_CANTON, ID_ESTADOS, NOMBRE) VALUES ('PA', '1', 'Paraiso');
INSERT INTO FIDE_CANTON_TB (ID_CANTON, ID_ESTADOS, NOMBRE) VALUES ('BE', '1', 'Belen');
COMMIT;

---INSERTS TABLA DISTRITO
INSERT INTO FIDE_DISTRITO_TB (ID_DISTRITO, ID_ESTADOS, NOMBRE) VALUES ('SAN', '1', 'San Antonio');
INSERT INTO FIDE_DISTRITO_TB (ID_DISTRITO, ID_ESTADOS, NOMBRE) VALUES ('ME', '1', 'Mercedes');
INSERT INTO FIDE_DISTRITO_TB (ID_DISTRITO, ID_ESTADOS, NOMBRE) VALUES ('OR', '1', 'Orosi');
INSERT INTO FIDE_DISTRITO_TB (ID_DISTRITO, ID_ESTADOS, NOMBRE) VALUES ('LA', '1', 'La Ribera');
COMMIT;

---INSERTS TABLA PROVEEDORES
INSERT INTO FIDE_PROVEEDORES_TB (ID_PROVEEDORES, ID_ESTADOS, ID_PAIS, ID_PROVINCIA, ID_CANTON, ID_DISTRITO, DIRECCION, NOMBRE_PROVEEDOR, TELEFONO, CORREO) 
VALUES ('1', '1', 'CR', 'SJ', 'ES', 'SAN', 'Calle 123', 'Proveedor 1', '1234567890', 'proveedor1@example.com');
INSERT INTO FIDE_PROVEEDORES_TB (ID_PROVEEDORES, ID_ESTADOS, ID_PAIS, ID_PROVINCIA, ID_CANTON, ID_DISTRITO, DIRECCION, NOMBRE_PROVEEDOR, TELEFONO, CORREO) 
VALUES ('2', '1', 'CR', 'AL', 'AT', 'ME', 'Avenida 456', 'Proveedor 2', '0987654321', 'proveedor2@example.com');
INSERT INTO FIDE_PROVEEDORES_TB (ID_PROVEEDORES, ID_ESTADOS, ID_PAIS, ID_PROVINCIA, ID_CANTON, ID_DISTRITO, DIRECCION, NOMBRE_PROVEEDOR, TELEFONO, CORREO) 
VALUES ('3', '1', 'CR', 'CA', 'PA', 'OR', 'Boulevard 789', 'Proveedor 3', '1122334455', 'proveedor3@example.com');
COMMIT;

---INSERTS TABLA CLIENTES
INSERT INTO FIDE_CLIENTES_TB (ID_CLIENTE, ID_PAIS, ID_PROVINCIA, ID_CANTON, ID_DISTRITO, ID_ESTADOS, NOMBRE, CORREO, DIRECCION, TELEFONO, CONTRASEÑA) 
VALUES ('1', 'CR', 'SJ', 'ES', 'SAN', '1', 'Cesar', 'Cesar@example.com', 'Calle 123', '87026789', '12345');
INSERT INTO FIDE_CLIENTES_TB (ID_CLIENTE, ID_PAIS, ID_PROVINCIA, ID_CANTON, ID_DISTRITO, ID_ESTADOS, NOMBRE, CORREO, DIRECCION, TELEFONO, CONTRASEÑA)  
VALUES ('2', 'CR', 'AL', 'AT', 'ME', '1', 'Esteban', 'Esteban@example.com', 'Avenida 456', '85643567', '12345');
INSERT INTO FIDE_CLIENTES_TB (ID_CLIENTE, ID_PAIS, ID_PROVINCIA, ID_CANTON, ID_DISTRITO, ID_ESTADOS, NOMBRE, CORREO, DIRECCION, TELEFONO, CONTRASEÑA)  
VALUES ('3', 'CR', 'CA', 'PA', 'OR', '1', 'Alexandra', 'Alexandra@example.com', 'Calle 789', '88456789', '12345');
COMMIT;

---INSERTS TABLA INVENTARIO
INSERT INTO FIDE_INVENTARIO_TB (ID_INVENTARIO, ID_PALLET, ID_ESTADOS, NOMBRE, CANTIDAD, PRECIO) 
VALUES ('1', '1', '1', 'Maleta', 3, 25.00);
INSERT INTO FIDE_INVENTARIO_TB (ID_INVENTARIO, ID_PALLET, ID_ESTADOS, NOMBRE, CANTIDAD, PRECIO) 
VALUES ('2', '2', '1', 'Silla', 2, 20.75);
INSERT INTO FIDE_INVENTARIO_TB (ID_INVENTARIO, ID_PALLET, ID_ESTADOS, NOMBRE, CANTIDAD, PRECIO) 
VALUES ('3', '3', '1', 'Armario', 4, 30.00);
COMMIT;

---INSERTS TABLA PALLETS
INSERT INTO FIDE_PALLETS_TB (ID_PALLET, ID_PROVEEDORES, ID_ESTADOS, DESCRIPCION) 
VALUES ('1', '1', '1', 'Pallet 1');
INSERT INTO FIDE_PALLETS_TB (ID_PALLET, ID_PROVEEDORES, ID_ESTADOS, DESCRIPCION) 
VALUES ('2', '2', '1', 'Pallet 2');
INSERT INTO FIDE_PALLETS_TB (ID_PALLET, ID_PROVEEDORES, ID_ESTADOS, DESCRIPCION) 
VALUES ('3', '3', '1', 'Pallet 3');
COMMIT;

---INSERTS TABLA TIPO DESCUENTO
INSERT INTO FIDE_TIPO_DESCUENTO_TB (ID_TIPO_DESCUENTO, ID_ESTADOS, NOMBRE, DESCRIPCION) 
VALUES ('1', '1', 'Descuento por tiempo', 'Descuento aplicado por ofertas en tiempo limitado');
INSERT INTO FIDE_TIPO_DESCUENTO_TB (ID_TIPO_DESCUENTO, ID_ESTADOS, NOMBRE, DESCRIPCION) 
VALUES ('2', '1', 'Descuento por Temporada', 'Descuento aplicado durante temporadas específicas');
INSERT INTO FIDE_TIPO_DESCUENTO_TB (ID_TIPO_DESCUENTO, ID_ESTADOS, NOMBRE, DESCRIPCION) 
VALUES ('3', '1', 'Descuento Promocional', 'Descuento aplicado durante promociones especiales');
COMMIT;

---INSERTS TABLA DESCUENTO
INSERT INTO FIDE_DESCUENTO_TB (ID_DESCUENTO, ID_ESTADOS, ID_TIPO_DESCUENTO, VALOR) 
VALUES ('1', '1', '1', 5.00);
INSERT INTO FIDE_DESCUENTO_TB (ID_DESCUENTO, ID_ESTADOS, ID_TIPO_DESCUENTO, VALOR) 
VALUES ('2', '1', '2', 4.00);
INSERT INTO FIDE_DESCUENTO_TB (ID_DESCUENTO, ID_ESTADOS, ID_TIPO_DESCUENTO, VALOR) 
VALUES ('3', '1', '3', 2.00);
COMMIT;

---INSERTS TABLA PROMOCIONES
INSERT INTO FIDE_PROMOCIONES_TB (ID_PROMOCION, ID_FACTURAS, ID_ESTADOS, NOMBRE_PROMOCION, FECHA_INICIO, FECHA_FIN, DESCRIPCION) 
VALUES ('1', '1', '1', 'Promoción de Verano', TO_DATE('2024-06-01', 'YYYY-MM-DD'), TO_DATE('2024-08-31', 'YYYY-MM-DD'), 'Descuento especial de verano');
INSERT INTO FIDE_PROMOCIONES_TB (ID_PROMOCION, ID_FACTURAS, ID_ESTADOS, NOMBRE_PROMOCION, FECHA_INICIO, FECHA_FIN, DESCRIPCION) 
VALUES ('2', '2', '1', 'Promoción de Invierno', TO_DATE('2024-12-01', 'YYYY-MM-DD'), TO_DATE('2025-02-28', 'YYYY-MM-DD'), 'Descuento especial de invierno');
INSERT INTO FIDE_PROMOCIONES_TB (ID_PROMOCION, ID_FACTURAS, ID_ESTADOS, NOMBRE_PROMOCION, FECHA_INICIO, FECHA_FIN, DESCRIPCION) 
VALUES ('3', '3', '1', 'Promoción de Primavera', TO_DATE('2024-03-01', 'YYYY-MM-DD'), TO_DATE('2024-05-31', 'YYYY-MM-DD'), 'Descuento especial de primavera');
COMMIT;

---INSERTS TABLA FACTURAS
INSERT INTO FIDE_FACTURAS_TB (ID_FACTURAS, ID_INVENTARIO, ID_DESCUENTO, ID_ESTADOS, ID_CLIENTE, ID_PROMOCION, FECHA_VENTA, TOTAL_VENTA, SUBTOTAL, IMPUESTOS) 
VALUES ('1', '1', '1', '1', '1', '1', TO_DATE('2024-06-15', 'YYYY-MM-DD'), 100.00, 90.00, 10.00);
INSERT INTO FIDE_FACTURAS_TB (ID_FACTURAS, ID_INVENTARIO, ID_DESCUENTO, ID_ESTADOS, ID_CLIENTE, ID_PROMOCION, FECHA_VENTA, TOTAL_VENTA, SUBTOTAL, IMPUESTOS) 
VALUES ('2', '2', '2', '1', '2', '2', TO_DATE('2024-12-20', 'YYYY-MM-DD'), 200.00, 170.00, 30.00);
INSERT INTO FIDE_FACTURAS_TB (ID_FACTURAS, ID_INVENTARIO, ID_DESCUENTO, ID_ESTADOS, ID_CLIENTE, ID_PROMOCION, FECHA_VENTA, TOTAL_VENTA, SUBTOTAL, IMPUESTOS) 
VALUES ('3', '3', '3', '1', '3', '3', TO_DATE('2024-03-10', 'YYYY-MM-DD'), 300.00, 240.00, 60.00);
COMMIT;

---INSERTS TABLA DETALLES FACTURAS
INSERT INTO FIDE_DETALLES_FACTURAS_TB (ID_DETALLE, ID_FACTURAS, ID_ESTADOS, ID_INVENTARIO, CANTIDAD_VENDIDA, PRECIO_UNITARIO, PRECIO_TOTAL_UNITARIO) 
VALUES ('1', '1', '1', '1', 10, 9.00, 90.00);
INSERT INTO FIDE_DETALLES_FACTURAS_TB (ID_DETALLE, ID_FACTURAS, ID_ESTADOS, ID_INVENTARIO, CANTIDAD_VENDIDA, PRECIO_UNITARIO, PRECIO_TOTAL_UNITARIO) 
VALUES ('2', '2', '1', '2', 20, 8.50, 170.00);
INSERT INTO FIDE_DETALLES_FACTURAS_TB (ID_DETALLE, ID_FACTURAS, ID_ESTADOS, ID_INVENTARIO, CANTIDAD_VENDIDA, PRECIO_UNITARIO, PRECIO_TOTAL_UNITARIO) 
VALUES ('3', '3', '1', '3', 30, 8.00, 240.00);
COMMIT;


