<?xml version="1.0" encoding="UTF-8"?>
<project-private xmlns="http://www.netbeans.org/ns/project-private/1">
    <editor-bookmarks xmlns="http://www.netbeans.org/ns/editor-bookmarks/2" lastBookmarkId="0"/>
    <open-files xmlns="http://www.netbeans.org/ns/projectui-open-files/2">
        <group>
            <file>file:/C:/Users/XSF/Documents/6%20Cuatrimestre/6%20CUATRIMESTRE%20LENGUAJES/Proyecto-Grupo-4-Lenguajes/SUMASTORECR/src/sumastorecr/SUMASTORECR.java</file>
            <file>file:/C:/Users/XSF/Documents/6%20Cuatrimestre/6%20CUATRIMESTRE%20LENGUAJES/Proyecto-Grupo-4-Lenguajes/SUMASTORECR/src/Frames/LoginForm.java</file>
            <file>file:/C:/Users/XSF/Documents/6%20Cuatrimestre/6%20CUATRIMESTRE%20LENGUAJES/Proyecto-Grupo-4-Lenguajes/SUMASTORECR/src/Conexion/ConexionOracle.java</file>
            <file>file:/C:/Users/XSF/Documents/6%20Cuatrimestre/6%20CUATRIMESTRE%20LENGUAJES/Proyecto-Grupo-4-Lenguajes/SUMASTORECR/src/sumastorecr/UserDAO.java</file>
        </group>
    </open-files>
</project-private>
